{"cameraMode":{"drawMode":0,"name":"Shaded","section":"Shading Mode"},"sceneLighting":true,"audioPlay":false,"sceneViewState":{"m_AlwaysRefresh":false,"showFog":true,"showSkybox":true,"showFlares":true,"showImageEffects":true,"showParticleSystems":true,"showVisualEffectGraphs":true,"m_FxEnabled":true},"in2DMode":false,"pivot":{"x":14.088534355163575,"y":3.1713051795959474,"z":-41.017608642578128},"rotation":{"x":0.18039609491825105,"y":0.03570624813437462,"z":-0.0064829676412045959,"w":0.9829591512680054},"size":8.058808326721192,"orthographic":false}