{"cameraMode":{"drawMode":0,"name":"Shaded","section":"Shading Mode"},"sceneLighting":true,"audioPlay":false,"sceneViewState":{"m_AlwaysRefresh":false,"showFog":true,"showSkybox":true,"showFlares":true,"showImageEffects":true,"showParticleSystems":true,"showVisualEffectGraphs":true,"m_FxEnabled":true},"in2DMode":false,"pivot":{"x":-10.480220794677735,"y":12.704366683959961,"z":121.4730224609375},"rotation":{"x":0.033076077699661258,"y":0.942444384098053,"z":-0.09788110852241516,"w":0.3180745542049408},"size":27.37277603149414,"orthographic":false}