{"cameraMode":{"drawMode":0,"name":"Shaded","section":"Shading Mode"},"sceneLighting":true,"audioPlay":false,"sceneViewState":{"m_AlwaysRefresh":false,"showFog":true,"showSkybox":true,"showFlares":true,"showImageEffects":true,"showParticleSystems":true,"showVisualEffectGraphs":true,"m_FxEnabled":true},"in2DMode":false,"pivot":{"x":8.530717849731446,"y":2.3314828872680666,"z":163.22848510742188},"rotation":{"x":0.1622973531484604,"y":0.34309133887290957,"z":-0.06027394160628319,"w":0.9232341647148132},"size":1.3460829257965088,"orthographic":false}