{"cameraMode":{"drawMode":0,"name":"Shaded","section":"Shading Mode"},"sceneLighting":true,"audioPlay":false,"sceneViewState":{"m_AlwaysRefresh":false,"showFog":true,"showSkybox":true,"showFlares":true,"showImageEffects":true,"showParticleSystems":true,"showVisualEffectGraphs":true,"m_FxEnabled":true},"in2DMode":false,"pivot":{"x":3.288606643676758,"y":-18.93757438659668,"z":99.77479553222656},"rotation":{"x":0.3542887568473816,"y":0.10378322750329972,"z":-0.039567962288856509,"w":0.9285420179367065},"size":23.634113311767579,"orthographic":false}