{"cameraMode":{"drawMode":0,"name":"Shaded","section":"Shading Mode"},"sceneLighting":true,"audioPlay":false,"sceneViewState":{"m_AlwaysRefresh":false,"showFog":true,"showSkybox":true,"showFlares":true,"showImageEffects":true,"showParticleSystems":true,"showVisualEffectGraphs":true,"m_FxEnabled":true},"in2DMode":false,"pivot":{"x":0.03498363494873047,"y":5.293728828430176,"z":7.015138626098633},"rotation":{"x":-0.18671375513076783,"y":-0.6884243488311768,"z":0.19050118327140809,"w":-0.6745405793190002},"size":45.532466888427737,"orthographic":false}